Master Key ID,Master Key,Source System,Source Key,Status,Provisioning Strategy,Created At,Activated At,Run ID
652,ORD-147685,E,ORD-147685,active,mirror,2025-09-16 14:26:56,2025-09-16 14:26:56,3
653,TXN-002023-000808,E,TXN-2023-808,active,mirror,2025-09-16 14:26:56,2025-09-16 14:26:56,3
654,PROD-PWI-000261,E,PROD-PWI-261!@#$%,active,mirror,2025-09-16 14:26:56,2025-09-16 14:26:56,3
655,PROD-FLN-000811,E,PROD-FLN-811,active,mirror,2025-09-16 14:26:56,2025-09-16 14:26:56,3
656,PROD-OGH-000859,E,PROD-OGH-859,active,mirror,2025-09-16 14:26:56,2025-09-16 14:26:56,3
657,TXN-002023-000832,E,TXN-2023-832,active,mirror,2025-09-16 14:26:56,2025-09-16 14:26:56,3
658,ORD-423738,E,ORD-423738,active,mirror,2025-09-16 14:26:56,2025-09-16 14:26:56,3
659,ORD-859838,B,ORD-859838,active,mirror,2025-09-16 14:26:56,2025-09-16 14:26:56,3
660,CUST-000838,E,CUST-00838,active,mirror,2025-09-16 14:26:56,2025-09-16 14:26:56,3
661,ORD-826536,E,ORD-826536,active,mirror,2025-09-16 14:26:56,2025-09-16 14:26:56,3
662,PROD-BNU-000617,E,PROD-BNU-617,active,mirror,2025-09-16 14:26:56,2025-09-16 14:26:56,3
663,PROD-DSK-000763,E,PROD-DSK-763,active,mirror,2025-09-16 14:26:56,2025-09-16 14:26:56,3
664,TXN-002023-000768,E,TXN-2023-768,active,mirror,2025-09-16 14:26:56,2025-09-16 14:26:56,3
665,PROD-LCO-000791,C,PROD-LCO-791,active,mirror,2025-09-16 14:26:56,2025-09-16 14:26:56,3
666,CUST-000826,E,CUST-00826,active,mirror,2025-09-16 14:26:56,2025-09-16 14:26:56,3
667,PROD-KGL-000613,E,PROD-KGL-613,active,mirror,2025-09-16 14:26:56,2025-09-16 14:26:56,3
668,ORD-214662,E,ORD-214662,active,mirror,2025-09-16 14:26:56,2025-09-16 14:26:56,3
669,TXN-002023-000836,E,TXN-2023-836,active,mirror,2025-09-16 14:26:56,2025-09-16 14:26:56,3
670,TXN-002023-000386,E,TXN-2023-386,active,mirror,2025-09-16 14:26:56,2025-09-16 14:26:56,3
671,ORD-187462,E,ORD-187462,active,mirror,2025-09-16 14:26:56,2025-09-16 14:26:56,3
672,CUST-000806,E,CUST-00806,active,mirror,2025-09-16 14:26:56,2025-09-16 14:26:56,3
673,ORD-503918,E,ORD-503918,active,mirror,2025-09-16 14:26:56,2025-09-16 14:26:56,3
674,PROD-LIG-000771,E,PROD-LIG-771,active,mirror,2025-09-16 14:26:56,2025-09-16 14:26:56,3
675,CUST-000830,E,CUST-00830,active,mirror,2025-09-16 14:26:56,2025-09-16 14:26:56,3
676,TXN-002023-000820,E,TXN-2023-820,active,mirror,2025-09-16 14:26:56,2025-09-16 14:26:56,3
677,CUST-000866,E,CUST-00866,active,mirror,2025-09-16 14:26:56,2025-09-16 14:26:56,3
678,PROD-WMT-000803,E,PROD-WMT-803,active,mirror,2025-09-16 14:26:56,2025-09-16 14:26:56,3
679,TXN-002023-000796,E,TXN-2023-796,active,mirror,2025-09-16 14:26:56,2025-09-16 14:26:56,3
680,ORD-988397,E,ORD-988397,active,mirror,2025-09-16 14:26:56,2025-09-16 14:26:56,3
681,PROD-AIH-000863,E,PROD-AIH-863,active,mirror,2025-09-16 14:26:56,2025-09-16 14:26:56,3
682,CUST-000774,E,CUST-00774,active,mirror,2025-09-16 14:26:56,2025-09-16 14:26:56,3
683,ORD-454791,E,ORD-454791,active,mirror,2025-09-16 14:26:56,2025-09-16 14:26:56,3
625,TXN-002023-000230,E,TXN-2023-230,active,mirror,2025-09-16 14:26:55,2025-09-16 14:26:56,3
626,TXN-002023-000756,E,TXN-2023-756,active,mirror,2025-09-16 14:26:55,2025-09-16 14:26:56,3
627,CUST-000786,B,CUST-00786,active,mirror,2025-09-16 14:26:55,2025-09-16 14:26:56,3
628,PROD-HRD-000799,E,PROD-HRD-799,active,mirror,2025-09-16 14:26:55,2025-09-16 14:26:56,3
629,ORD-977123,E,ORD-977123,active,mirror,2025-09-16 14:26:55,2025-09-16 14:26:56,3
630,PROD-SII-000529,E,PROD-SII-529,active,mirror,2025-09-16 14:26:55,2025-09-16 14:26:56,3
631,PROD-BSR-000795,E,PROD-BSR-795,active,mirror,2025-09-16 14:26:55,2025-09-16 14:26:56,3
632,PROD-XSF-000843,E,PROD-XSF-843,active,mirror,2025-09-16 14:26:55,2025-09-16 14:26:56,3
633,TXN-002023-000410,E,TXN-2023-410,active,mirror,2025-09-16 14:26:55,2025-09-16 14:26:56,3
634,PROD-CUN-000405,E,PROD-CUN-405,active,mirror,2025-09-16 14:26:55,2025-09-16 14:26:56,3
635,PROD-NPZ-000855,B,PROD-NPZ-855,active,mirror,2025-09-16 14:26:55,2025-09-16 14:26:56,3
636,TXN-002023-000760,E,TXN-2023-760,active,mirror,2025-09-16 14:26:55,2025-09-16 14:26:56,3
637,ORD-929028,E,ORD-929028,active,mirror,2025-09-16 14:26:55,2025-09-16 14:26:56,3
638,CUST-000842,E,CUST-00842,active,mirror,2025-09-16 14:26:55,2025-09-16 14:26:56,3
639,CUST-000854,B,CUST-00854,active,mirror,2025-09-16 14:26:55,2025-09-16 14:26:56,3
640,PROD-HUI-000053,E, PROD-HUI-053 ,active,mirror,2025-09-16 14:26:55,2025-09-16 14:26:56,3
641,CUST-000256,E,CUST-00256,active,mirror,2025-09-16 14:26:55,2025-09-16 14:26:56,3
642,ORD-758906,B,ORD-758906,active,mirror,2025-09-16 14:26:55,2025-09-16 14:26:56,3
643,TXN-002023-000326,E,TXN-2023-326!@#$%,active,mirror,2025-09-16 14:26:55,2025-09-16 14:26:56,3
644,PROD-RRB-000835,B,PROD-RRB-835,active,mirror,2025-09-16 14:26:55,2025-09-16 14:26:56,3
645,TXN-002023-000828,B,TXN-2023-828,active,mirror,2025-09-16 14:26:55,2025-09-16 14:26:56,3
646,ORD-916050,E,ORD-916050,active,mirror,2025-09-16 14:26:55,2025-09-16 14:26:56,3
647,ORD-893706,E,ORD-893706,active,mirror,2025-09-16 14:26:55,2025-09-16 14:26:56,3
648,ORD-728222,B,ORD-728222,active,mirror,2025-09-16 14:26:55,2025-09-16 14:26:56,3
649,ORD-304077,E,ORD-304077,active,mirror,2025-09-16 14:26:55,2025-09-16 14:26:56,3
650,CUST-000770,E,CUST-00770,active,mirror,2025-09-16 14:26:55,2025-09-16 14:26:56,3
651,PROD-TVM-000783,D,PROD-TVM-783,active,mirror,2025-09-16 14:26:55,2025-09-16 14:26:56,3
596,CUST-000794,E,CUST-00794,active,mirror,2025-09-16 14:26:54,2025-09-16 14:26:56,3
597,CUST-000192,E,CUST-00192,active,mirror,2025-09-16 14:26:54,2025-09-16 14:26:56,3
598,PROD-VBQ-000827,E,PROD-VBQ-827,active,mirror,2025-09-16 14:26:54,2025-09-16 14:26:56,3
599,PROD-POZ-000689,E,PROD-POZ-689,active,mirror,2025-09-16 14:26:54,2025-09-16 14:26:56,3
600,PROD-MUJ-000221,E,PROD-MUJ-221,active,mirror,2025-09-16 14:26:54,2025-09-16 14:26:56,3
601,CUST-000782,E,CUST-00782,active,mirror,2025-09-16 14:26:54,2025-09-16 14:26:56,3
602,ORD-696528,E,ORD-696528,active,mirror,2025-09-16 14:26:54,2025-09-16 14:26:56,3
603,ORD-541486,E,ORD-541486,active,mirror,2025-09-16 14:26:54,2025-09-16 14:26:56,3
604,PROD-WNW-000101,E,PROD-WNW-101,active,mirror,2025-09-16 14:26:54,2025-09-16 14:26:56,3
605,ORD-503006,E,ORD-503006,active,mirror,2025-09-16 14:26:54,2025-09-16 14:26:56,3
606,TXN-002023-000804,E,TXN-2023-804,active,mirror,2025-09-16 14:26:54,2025-09-16 14:26:56,3
607,ORD-500584,E,ORD-500584,active,mirror,2025-09-16 14:26:54,2025-09-16 14:26:56,3
608,ORD-147432,E,ORD-147432,active,mirror,2025-09-16 14:26:54,2025-09-16 14:26:56,3
609,CUST-000052,E,CUST-00052,active,mirror,2025-09-16 14:26:54,2025-09-16 14:26:56,3
610,CUST-000810,E,CUST-00810,active,mirror,2025-09-16 14:26:54,2025-09-16 14:26:56,3
611,CUST-000858,E, CUST-00858 ,active,mirror,2025-09-16 14:26:54,2025-09-16 14:26:56,3
612,TXN-002023-000764,C,TXN-2023-764,active,mirror,2025-09-16 14:26:54,2025-09-16 14:26:56,3
613,PROD-KHL-000807,E,PROD-KHL-807,active,mirror,2025-09-16 14:26:54,2025-09-16 14:26:56,3
614,PROD-OFR-000517,E,PROD-OFR-517,active,mirror,2025-09-16 14:26:54,2025-09-16 14:26:56,3
615,PROD-RPI-000779,E,PROD-RPI-779,active,mirror,2025-09-16 14:26:54,2025-09-16 14:26:56,3
616,PROD-CIF-000213,E,PROD-CIF-213,active,mirror,2025-09-16 14:26:54,2025-09-16 14:26:56,3
617,PROD-PGZ-000557,C,PROD-PGZ-557,active,mirror,2025-09-16 14:26:54,2025-09-16 14:26:56,3
618,CUST-000834,B,CUST-00834,active,mirror,2025-09-16 14:26:54,2025-09-16 14:26:56,3
619,CUST-000762,E,CUST-00762,active,mirror,2025-09-16 14:26:54,2025-09-16 14:26:56,3
620,PROD-RQX-000641,E,PROD-RQX-641,active,mirror,2025-09-16 14:26:54,2025-09-16 14:26:56,3
621,ORD-671773,B,ORD-671773,active,mirror,2025-09-16 14:26:54,2025-09-16 14:26:56,3
622,CUST-000790,E,CUST-00790,active,mirror,2025-09-16 14:26:54,2025-09-16 14:26:56,3
623,ORD-624529,B,ORD-624529,active,mirror,2025-09-16 14:26:54,2025-09-16 14:26:56,3
624,PROD-WKW-000481,E,PROD-WKW-481,active,mirror,2025-09-16 14:26:54,2025-09-16 14:26:56,3
570,ORD-948854,E,ORD-948854,active,mirror,2025-09-16 14:26:53,2025-09-16 14:26:56,3
571,CUST-000798,D,CUST-00798,active,mirror,2025-09-16 14:26:53,2025-09-16 14:26:56,3
572,TXN-002023-000848,E,TXN-2023-848,active,mirror,2025-09-16 14:26:53,2025-09-16 14:26:56,3
573,TXN-002023-000860,E,TXN-2023-860,active,mirror,2025-09-16 14:26:53,2025-09-16 14:26:56,3
574,ORD-691285,E,ORD-691285,active,mirror,2025-09-16 14:26:53,2025-09-16 14:26:56,3
575,ORD-641383,E,ORD-641383,active,mirror,2025-09-16 14:26:53,2025-09-16 14:26:56,3
576,TXN-002023-000824,B,TXN-2023-824,active,mirror,2025-09-16 14:26:53,2025-09-16 14:26:56,3
577,TXN-002023-000130,E,TXN-2023-130,active,mirror,2025-09-16 14:26:53,2025-09-16 14:26:56,3
578,ORD-500361,E,ORD-500361,active,mirror,2025-09-16 14:26:53,2025-09-16 14:26:56,3
579,PROD-LHC-000775,E,PROD-LHC-775,active,mirror,2025-09-16 14:26:53,2025-09-16 14:26:56,3
580,ORD-895182,E,ORD-895182,active,mirror,2025-09-16 14:26:53,2025-09-16 14:26:56,3
581,TXN-002023-000772,E,TXN-2023-772,active,mirror,2025-09-16 14:26:53,2025-09-16 14:26:56,3
582,TXN-002023-000792,E,TXN-2023-792,active,mirror,2025-09-16 14:26:53,2025-09-16 14:26:56,3
583,ORD-580678,E,ORD-580678,active,mirror,2025-09-16 14:26:53,2025-09-16 14:26:56,3
584,PROD-YWC-000839,B,PROD-YWC-839!@#$%,active,mirror,2025-09-16 14:26:53,2025-09-16 14:26:56,3
585,CUST-000040,E,CUST-00040,active,mirror,2025-09-16 14:26:53,2025-09-16 14:26:56,3
586,ORD-957952,B,ORD-957952,active,mirror,2025-09-16 14:26:53,2025-09-16 14:26:56,3
587,PROD-YUG-000141,E,PROD-YUG-141!@#$%,active,mirror,2025-09-16 14:26:53,2025-09-16 14:26:56,3
588,CUST-000846,E,CUST-00846,active,mirror,2025-09-16 14:26:53,2025-09-16 14:26:56,3
589,TXN-002023-000226,B,TXN-2023-226,active,mirror,2025-09-16 14:26:53,2025-09-16 14:26:56,3
590,CUST-000818,B,CUST-00818,active,mirror,2025-09-16 14:26:53,2025-09-16 14:26:56,3
591,PROD-GTF-000201,E,PROD-GTF-201,active,mirror,2025-09-16 14:26:53,2025-09-16 14:26:56,3
592,CUST-000488,C,CUST-00488,active,mirror,2025-09-16 14:26:53,2025-09-16 14:26:56,3
593,CUST-000850,E,CUST-00850,active,mirror,2025-09-16 14:26:53,2025-09-16 14:26:56,3
594,CUST-000754,E,CUST-00754,active,mirror,2025-09-16 14:26:53,2025-09-16 14:26:56,3
595,ORD-617455,E,ORD-617455,active,mirror,2025-09-16 14:26:53,2025-09-16 14:26:56,3
545,CUST-000758,E,CUST-00758,active,mirror,2025-09-16 14:26:52,2025-09-16 14:26:56,3
546,TXN-002023-000852,E,TXN-2023-852,active,mirror,2025-09-16 14:26:52,2025-09-16 14:26:56,3
547,PROD-YTI-000815,B, PROD-YTI-815 ,active,mirror,2025-09-16 14:26:52,2025-09-16 14:26:56,3
548,TXN-002023-000856,E,TXN-2023-856,active,mirror,2025-09-16 14:26:52,2025-09-16 14:26:56,3
549,CUST-000132,E,CUST-00132,active,mirror,2025-09-16 14:26:52,2025-09-16 14:26:56,3
550,ORD-601980,E,ORD-601980,active,mirror,2025-09-16 14:26:52,2025-09-16 14:26:56,3
551,TXN-002023-000498,E,TXN-2023-498,active,mirror,2025-09-16 14:26:52,2025-09-16 14:26:56,3
552,PROD-FCZ-000755,E,PROD-FCZ-755,active,mirror,2025-09-16 14:26:52,2025-09-16 14:26:56,3
553,CUST-000016,E,CUST-00016,active,mirror,2025-09-16 14:26:52,2025-09-16 14:26:56,3
554,TXN-002023-000864,E, TXN-2023-864 ,active,mirror,2025-09-16 14:26:52,2025-09-16 14:26:56,3
555,PROD-JIY-000501,B,PROD-JIY-501,active,mirror,2025-09-16 14:26:52,2025-09-16 14:26:56,3
556,PROD-RPE-000867,B,PROD-RPE-867,active,mirror,2025-09-16 14:26:52,2025-09-16 14:26:56,3
557,PROD-OOY-000847,E,PROD-OOY-847,active,mirror,2025-09-16 14:26:52,2025-09-16 14:26:56,3
558,PROD-JJT-000609,E,PROD-JJT-609,active,mirror,2025-09-16 14:26:52,2025-09-16 14:26:56,3
559,CUST-000766,E,CUST-00766,active,mirror,2025-09-16 14:26:52,2025-09-16 14:26:56,3
560,TXN-002023-000788,E,TXN-2023-788,active,mirror,2025-09-16 14:26:52,2025-09-16 14:26:56,3
561,TXN-002023-000780,B,TXN-2023-780,active,mirror,2025-09-16 14:26:52,2025-09-16 14:26:56,3
562,PROD-ZIE-000767,E,PROD-ZIE-767,active,mirror,2025-09-16 14:26:52,2025-09-16 14:26:56,3
563,CUST-000814,E,CUST-00814,active,mirror,2025-09-16 14:26:52,2025-09-16 14:26:56,3
564,TXN-002023-000812,E,TXN-2023-812,active,mirror,2025-09-16 14:26:52,2025-09-16 14:26:56,3
565,ORD-467728,E,ORD-467728,active,mirror,2025-09-16 14:26:52,2025-09-16 14:26:56,3
566,PROD-ELQ-000851,E,PROD-ELQ-851,active,mirror,2025-09-16 14:26:52,2025-09-16 14:26:56,3
567,CUST-000822,E,CUST-00822,active,mirror,2025-09-16 14:26:52,2025-09-16 14:26:56,3
568,ORD-748238,E, ORD-748238 ,active,mirror,2025-09-16 14:26:52,2025-09-16 14:26:56,3
569,TXN-002023-000310,E,TXN-2023-310,active,mirror,2025-09-16 14:26:52,2025-09-16 14:26:56,3
517,CUST-000802,E,CUST-00802,active,mirror,2025-09-16 14:26:51,2025-09-16 14:26:56,3
518,PROD-WHG-000725,E,PROD-WHG-725,active,mirror,2025-09-16 14:26:51,2025-09-16 14:26:56,3
519,CUST-000236,E, CUST-00236 ,active,mirror,2025-09-16 14:26:51,2025-09-16 14:26:56,3
520,PROD-XOJ-000823,E,PROD-XOJ-823,active,mirror,2025-09-16 14:26:51,2025-09-16 14:26:56,3
521,TXN-002023-000844,E,TXN-2023-844,active,mirror,2025-09-16 14:26:51,2025-09-16 14:26:56,3
522,ORD-384303,B,ORD-384303,active,mirror,2025-09-16 14:26:51,2025-09-16 14:26:56,3
523,TXN-002023-000840,E,TXN-2023-840!@#$%,active,mirror,2025-09-16 14:26:51,2025-09-16 14:26:56,3
524,TXN-002023-000138,E,TXN-2023-138,active,mirror,2025-09-16 14:26:51,2025-09-16 14:26:56,3
525,ORD-231895,E,ORD-231895,active,mirror,2025-09-16 14:26:51,2025-09-16 14:26:56,3
526,TXN-002023-000868,E,TXN-2023-868,active,mirror,2025-09-16 14:26:51,2025-09-16 14:26:56,3
527,ORD-823262,E,ORD-823262,active,mirror,2025-09-16 14:26:51,2025-09-16 14:26:56,3
528,TXN-002023-000816,E,TXN-2023-816,active,mirror,2025-09-16 14:26:51,2025-09-16 14:26:56,3
529,CUST-000332,E,CUST-00332,active,mirror,2025-09-16 14:26:51,2025-09-16 14:26:56,3
530,PROD-GXI-000137,E,PROD-GXI-137,active,mirror,2025-09-16 14:26:51,2025-09-16 14:26:56,3
531,ORD-226644,E,ORD-226644,active,mirror,2025-09-16 14:26:51,2025-09-16 14:26:56,3
532,CUST-000388,B, CUST-00388 ,active,mirror,2025-09-16 14:26:51,2025-09-16 14:26:56,3
533,CUST-000778,E,CUST-00778,active,mirror,2025-09-16 14:26:51,2025-09-16 14:26:56,3
534,TXN-002023-000752,E,TXN-2023-752,active,mirror,2025-09-16 14:26:51,2025-09-16 14:26:56,3
535,PROD-TCL-000819,E,PROD-TCL-819,active,mirror,2025-09-16 14:26:51,2025-09-16 14:26:56,3
536,PROD-FCD-000701,E,PROD-FCD-701,active,mirror,2025-09-16 14:26:51,2025-09-16 14:26:56,3
537,ORD-708544,B,ORD-708544,active,mirror,2025-09-16 14:26:51,2025-09-16 14:26:56,3
538,PROD-MYU-000301,E, PROD-MYU-301 ,active,mirror,2025-09-16 14:26:51,2025-09-16 14:26:56,3
539,TXN-002023-000776,E,TXN-2023-776,active,mirror,2025-09-16 14:26:51,2025-09-16 14:26:56,3
540,ORD-838079,E,ORD-838079,active,mirror,2025-09-16 14:26:51,2025-09-16 14:26:56,3
541,ORD-424246,E,ORD-424246,active,mirror,2025-09-16 14:26:51,2025-09-16 14:26:56,3
542,ORD-719075,E,ORD-719075,active,mirror,2025-09-16 14:26:51,2025-09-16 14:26:56,3
543,ORD-338925,E,ORD-338925,active,mirror,2025-09-16 14:26:51,2025-09-16 14:26:56,3
544,PROD-LXQ-000561,B,PROD-LXQ-561!@#$%,active,mirror,2025-09-16 14:26:51,2025-09-16 14:26:56,3
495,ORD-216645,E,ORD-216645,active,mirror,2025-09-16 14:26:50,2025-09-16 14:26:56,3
496,TXN-002023-000266,E,TXN-2023-266,active,mirror,2025-09-16 14:26:50,2025-09-16 14:26:56,3
497,ORD-227374,E,ORD-227374,active,mirror,2025-09-16 14:26:50,2025-09-16 14:26:56,3
498,PROD-PKY-000751,E,PROD-PKY-751,active,mirror,2025-09-16 14:26:50,2025-09-16 14:26:56,3
499,PROD-UGU-000293,E,PROD-UGU-293,active,mirror,2025-09-16 14:26:50,2025-09-16 14:26:56,3
500,ORD-869477,B,ORD-869477,active,mirror,2025-09-16 14:26:50,2025-09-16 14:26:56,3
501,ORD-141378,E,ORD-141378,active,mirror,2025-09-16 14:26:50,2025-09-16 14:26:56,3
502,ORD-209569,E,ORD-209569,active,mirror,2025-09-16 14:26:50,2025-09-16 14:26:56,3
503,ORD-115638,E,ORD-115638,active,mirror,2025-09-16 14:26:50,2025-09-16 14:26:56,3
504,ORD-796319,E,ORD-796319,active,mirror,2025-09-16 14:26:50,2025-09-16 14:26:56,3
505,CUST-000136,E,CUST-00136,active,mirror,2025-09-16 14:26:50,2025-09-16 14:26:56,3
506,PROD-VQQ-000505,E,PROD-VQQ-505,active,mirror,2025-09-16 14:26:50,2025-09-16 14:26:56,3
507,PROD-PEZ-000759,B,PROD-PEZ-759,active,mirror,2025-09-16 14:26:50,2025-09-16 14:26:56,3
508,CUST-000750,E,CUST-00750,active,mirror,2025-09-16 14:26:50,2025-09-16 14:26:56,3
509,ORD-787903,E,ORD-787903,active,mirror,2025-09-16 14:26:50,2025-09-16 14:26:56,3
510,CUST-000862,B,CUST-00862!@#$%,active,mirror,2025-09-16 14:26:50,2025-09-16 14:26:56,3
511,PROD-YIX-000787,E,PROD-YIX-787,active,mirror,2025-09-16 14:26:50,2025-09-16 14:26:56,3
512,TXN-002023-000254,E,TXN-2023-254,active,mirror,2025-09-16 14:26:50,2025-09-16 14:26:56,3
513,PROD-MAZ-000831,E,PROD-MAZ-831,active,mirror,2025-09-16 14:26:50,2025-09-16 14:26:56,3
514,TXN-002023-000800,E,TXN-2023-800,active,mirror,2025-09-16 14:26:50,2025-09-16 14:26:56,3
515,ORD-519964,B,ORD-519964,active,mirror,2025-09-16 14:26:50,2025-09-16 14:26:56,3
516,TXN-002023-000784,E,TXN-2023-784,active,mirror,2025-09-16 14:26:50,2025-09-16 14:26:56,3
467,PROD-RDD-000269,B,PROD-RDD-269,proposed,mirror,2025-09-16 14:26:26,,2
468,PROD-SXR-000721,B,PROD-SXR-721,proposed,mirror,2025-09-16 14:26:26,,2
469,PROD-OYX-000205,B,PROD-OYX-205,proposed,mirror,2025-09-16 14:26:26,,2
470,TXN-002023-000270,B,TXN-2023-270,proposed,mirror,2025-09-16 14:26:26,,2
471,ORD-405992,B, ORD-405992 ,proposed,mirror,2025-09-16 14:26:26,,2
472,PROD-HVU-000625,B,PROD-HVU-625,proposed,mirror,2025-09-16 14:26:26,,2
473,TXN-002023-000082,B,TXN-2023-082,proposed,mirror,2025-09-16 14:26:26,,2
474,TXN-002023-000586,B,TXN-2023-586,proposed,mirror,2025-09-16 14:26:26,,2
475,ORD-364052,B,ORD-364052,proposed,mirror,2025-09-16 14:26:26,,2
476,PROD-SHN-000509,B, PROD-SHN-509 ,proposed,mirror,2025-09-16 14:26:26,,2
477,PROD-TAS-000489,B,PROD-TAS-489,proposed,mirror,2025-09-16 14:26:26,,2
478,CUST-000288,B,CUST-00288,proposed,mirror,2025-09-16 14:26:26,,2
479,PROD-KDE-000561,B,PROD-KDE-561,proposed,mirror,2025-09-16 14:26:26,,2
480,PROD-IFY-000501,B,PROD-IFY-501,proposed,mirror,2025-09-16 14:26:26,,2
481,PROD-TQJ-000073,B,PROD-TQJ-073,proposed,mirror,2025-09-16 14:26:26,,2
482,CUST-000568,B,CUST-00568,proposed,mirror,2025-09-16 14:26:26,,2
483,PROD-VIH-000597,E,PROD-VIH-597,proposed,mirror,2025-09-16 14:26:26,,2
484,PROD-CNW-000541,B,PROD-CNW-541,proposed,mirror,2025-09-16 14:26:26,,2
485,PROD-VOL-000725,B,PROD-VOL-725,proposed,mirror,2025-09-16 14:26:26,,2
486,ORD-473021,B,ORD-473021,proposed,mirror,2025-09-16 14:26:26,,2
487,ORD-682610,B,ORD-682610,proposed,mirror,2025-09-16 14:26:26,,2
488,PROD-ERC-000121,B,PROD-ERC-121,proposed,mirror,2025-09-16 14:26:26,,2
489,CUST-000220,B,CUST-00220,proposed,mirror,2025-09-16 14:26:26,,2
490,CUST-000576,B,CUST-00576,proposed,mirror,2025-09-16 14:26:26,,2
491,ORD-674613,B,ORD-674613,proposed,mirror,2025-09-16 14:26:26,,2
492,PROD-BUB-000537,B,PROD-BUB-537,proposed,mirror,2025-09-16 14:26:26,,2
493,PROD-ASC-000421,C,PROD-ASC-421,proposed,mirror,2025-09-16 14:26:26,,2
494,PROD-HMF-000677,B,PROD-HMF-677,proposed,mirror,2025-09-16 14:26:26,,2
431,CUST-000548,B,CUST-00548,proposed,mirror,2025-09-16 14:26:25,,2
432,TXN-002023-000518,B,TXN-2023-518,proposed,mirror,2025-09-16 14:26:25,,2
433,ORD-206977,B,ORD-206977,proposed,mirror,2025-09-16 14:26:25,,2
434,ORD-170846,C,ORD-170846,proposed,mirror,2025-09-16 14:26:25,,2
435,PROD-PVU-000353,B,PROD-PVU-353,proposed,mirror,2025-09-16 14:26:25,,2
436,CUST-000184,B,CUST-00184,proposed,mirror,2025-09-16 14:26:25,,2
437,TXN-002023-000534,B,TXN-2023-534,proposed,mirror,2025-09-16 14:26:25,,2
438,TXN-002023-000570,B,TXN-2023-570,proposed,mirror,2025-09-16 14:26:25,,2
439,PROD-AHQ-000201,B,PROD-AHQ-201,proposed,mirror,2025-09-16 14:26:25,,2
440,PROD-PFY-000109,C,PROD-PFY-109,proposed,mirror,2025-09-16 14:26:25,,2
441,CUST-000164,C,CUST-00164,proposed,mirror,2025-09-16 14:26:25,,2
442,TXN-002023-000502,B,TXN-2023-502,proposed,mirror,2025-09-16 14:26:25,,2
443,PROD-YHR-000689,B,PROD-YHR-689,proposed,mirror,2025-09-16 14:26:25,,2
444,ORD-350924,B,ORD-350924,proposed,mirror,2025-09-16 14:26:25,,2
445,PROD-PFT-000633,B,PROD-PFT-633,proposed,mirror,2025-09-16 14:26:25,,2
446,TXN-002023-000338,B,TXN-2023-338,proposed,mirror,2025-09-16 14:26:25,,2
447,ORD-621372,B,ORD-621372,proposed,mirror,2025-09-16 14:26:25,,2
448,ORD-925745,B,ORD-925745,proposed,mirror,2025-09-16 14:26:25,,2
449,CUST-000260,C,CUST-00260,proposed,mirror,2025-09-16 14:26:25,,2
450,TXN-002023-000546,B,TXN-2023-546,proposed,mirror,2025-09-16 14:26:25,,2
451,CUST-000356,E,CUST-00356,proposed,mirror,2025-09-16 14:26:25,,2
452,CUST-000588,B,CUST-00588,proposed,mirror,2025-09-16 14:26:25,,2
453,CUST-000520,B,CUST-00520,proposed,mirror,2025-09-16 14:26:25,,2
454,ORD-837309,B,ORD-837309,proposed,mirror,2025-09-16 14:26:25,,2
455,TXN-002023-000554,C,TXN-2023-554,proposed,mirror,2025-09-16 14:26:25,,2
456,ORD-437326,B,ORD-437326,proposed,mirror,2025-09-16 14:26:25,,2
457,ORD-959749,B,ORD-959749,proposed,mirror,2025-09-16 14:26:25,,2
458,PROD-BXZ-000665,E,PROD-BXZ-665,proposed,mirror,2025-09-16 14:26:25,,2
459,CUST-000580,B,CUST-00580,proposed,mirror,2025-09-16 14:26:25,,2
460,ORD-386125,B,ORD-386125,proposed,mirror,2025-09-16 14:26:25,,2
461,ORD-311930,B,ORD-311930,proposed,mirror,2025-09-16 14:26:25,,2
462,TXN-002023-000538,B,TXN-2023-538,proposed,mirror,2025-09-16 14:26:25,,2
463,ORD-531982,B,ORD-531982,proposed,mirror,2025-09-16 14:26:25,,2
464,CUST-000516,C,CUST-00516,proposed,mirror,2025-09-16 14:26:25,,2
465,CUST-000592,B,CUST-00592,proposed,mirror,2025-09-16 14:26:25,,2
466,PROD-FBF-000729,B,PROD-FBF-729,proposed,mirror,2025-09-16 14:26:25,,2
401,ORD-618448,B,ORD-618448,proposed,mirror,2025-09-16 14:26:24,,2
402,PROD-KKK-000525,B,PROD-KKK-525,proposed,mirror,2025-09-16 14:26:24,,2
403,PROD-UZS-000573,B,PROD-UZS-573,proposed,mirror,2025-09-16 14:26:24,,2
404,ORD-489699,B,ORD-489699,proposed,mirror,2025-09-16 14:26:24,,2
405,TXN-002023-000566,C,TXN-2023-566,proposed,mirror,2025-09-16 14:26:24,,2
406,ORD-660129,B,ORD-660129,proposed,mirror,2025-09-16 14:26:24,,2
407,PROD-DBC-000581,B,PROD-DBC-581,proposed,mirror,2025-09-16 14:26:24,,2
408,PROD-NBF-000517,B,PROD-NBF-517,proposed,mirror,2025-09-16 14:26:24,,2
409,TXN-002023-000582,C,TXN-2023-582,proposed,mirror,2025-09-16 14:26:24,,2
410,ORD-805991,B,ORD-805991,proposed,mirror,2025-09-16 14:26:24,,2
411,TXN-002023-000214,B,TXN-2023-214,proposed,mirror,2025-09-16 14:26:24,,2
412,ORD-659635,B,ORD-659635,proposed,mirror,2025-09-16 14:26:24,,2
413,PROD-SKL-000709,B,PROD-SKL-709,proposed,mirror,2025-09-16 14:26:24,,2
414,ORD-839335,B,ORD-839335,proposed,mirror,2025-09-16 14:26:24,,2
415,TXN-002023-000510,B,TXN-2023-510,proposed,mirror,2025-09-16 14:26:24,,2
416,ORD-591647,B,ORD-591647,proposed,mirror,2025-09-16 14:26:24,,2
417,CUST-000452,B,CUST-00452,proposed,mirror,2025-09-16 14:26:24,,2
418,ORD-256631,B,ORD-256631,proposed,mirror,2025-09-16 14:26:24,,2
419,PROD-UAO-000589,B,PROD-UAO-589,proposed,mirror,2025-09-16 14:26:24,,2
420,PROD-EIT-000605,B, PROD-EIT-605 ,proposed,mirror,2025-09-16 14:26:24,,2
421,ORD-247190,E,ORD-247190,proposed,mirror,2025-09-16 14:26:24,,2
422,CUST-000532,B,CUST-00532,proposed,mirror,2025-09-16 14:26:24,,2
423,PROD-BGC-000609,B,PROD-BGC-609,proposed,mirror,2025-09-16 14:26:24,,2
424,ORD-901959,B,ORD-901959,proposed,mirror,2025-09-16 14:26:24,,2
425,ORD-597751,B,ORD-597751,proposed,mirror,2025-09-16 14:26:24,,2
426,CUST-000144,B,CUST-00144,proposed,mirror,2025-09-16 14:26:24,,2
427,ORD-447758,B,ORD-447758,proposed,mirror,2025-09-16 14:26:24,,2
428,PROD-PPR-000585,B,PROD-PPR-585,proposed,mirror,2025-09-16 14:26:24,,2
429,CUST-000056,B,CUST-00056,proposed,mirror,2025-09-16 14:26:24,,2
430,ORD-323168,C,ORD-323168,proposed,mirror,2025-09-16 14:26:24,,2
369,TXN-002023-000194,B,TXN-2023-194,proposed,mirror,2025-09-16 14:26:23,,2
370,CUST-000336,B,CUST-00336,proposed,mirror,2025-09-16 14:26:23,,2
371,PROD-CHD-000533,C,PROD-CHD-533,proposed,mirror,2025-09-16 14:26:23,,2
372,CUST-000572,B,CUST-00572,proposed,mirror,2025-09-16 14:26:23,,2
373,ORD-483399,B,ORD-483399,proposed,mirror,2025-09-16 14:26:23,,2
374,PROD-ZRY-000657,B,PROD-ZRY-657,proposed,mirror,2025-09-16 14:26:23,,2
375,PROD-IMU-000577,B,PROD-IMU-577,proposed,mirror,2025-09-16 14:26:23,,2
376,CUST-000508,B,CUST-00508,proposed,mirror,2025-09-16 14:26:23,,2
377,ORD-117438,D, ORD-117438 ,proposed,mirror,2025-09-16 14:26:23,,2
378,PROD-BTK-000697,B,PROD-BTK-697,proposed,mirror,2025-09-16 14:26:23,,2
379,ORD-443312,B,ORD-443312,proposed,mirror,2025-09-16 14:26:23,,2
380,CUST-000524,B,CUST-00524,proposed,mirror,2025-09-16 14:26:23,,2
381,ORD-282603,B,ORD-282603,proposed,mirror,2025-09-16 14:26:23,,2
382,CUST-000540,B,CUST-00540,proposed,mirror,2025-09-16 14:26:23,,2
383,TXN-002023-000578,B,TXN-2023-578,proposed,mirror,2025-09-16 14:26:23,,2
384,PROD-KLR-000133,B,PROD-KLR-133,proposed,mirror,2025-09-16 14:26:23,,2
385,ORD-297790,B,ORD-297790,proposed,mirror,2025-09-16 14:26:23,,2
386,ORD-118805,B,ORD-118805,proposed,mirror,2025-09-16 14:26:23,,2
387,PROD-NQJ-000661,B,PROD-NQJ-661,proposed,mirror,2025-09-16 14:26:23,,2
388,TXN-002023-000558,B,TXN-2023-558,proposed,mirror,2025-09-16 14:26:23,,2
389,ORD-945835,E,ORD-945835,proposed,mirror,2025-09-16 14:26:23,,2
390,TXN-002023-000530,C,TXN-2023-530,proposed,mirror,2025-09-16 14:26:23,,2
391,ORD-114319,B,ORD-114319,proposed,mirror,2025-09-16 14:26:23,,2
392,CUST-000376,B,CUST-00376,proposed,mirror,2025-09-16 14:26:23,,2
393,CUST-000512,B,CUST-00512,proposed,mirror,2025-09-16 14:26:23,,2
394,PROD-MVC-000553,B,PROD-MVC-553,proposed,mirror,2025-09-16 14:26:23,,2
395,PROD-GKL-000529,B,PROD-GKL-529,proposed,mirror,2025-09-16 14:26:23,,2
396,TXN-002023-000590,B,TXN-2023-590,proposed,mirror,2025-09-16 14:26:23,,2
397,PROD-QLW-000549,B,PROD-QLW-549,proposed,mirror,2025-09-16 14:26:23,,2
398,ORD-956644,B,ORD-956644!@#$%,proposed,mirror,2025-09-16 14:26:23,,2
399,ORD-380621,E,ORD-380621,proposed,mirror,2025-09-16 14:26:23,,2
400,TXN-002023-000526,B,TXN-2023-526,proposed,mirror,2025-09-16 14:26:23,,2
339,ORD-635947,B,ORD-635947,proposed,mirror,2025-09-16 14:26:22,,2
340,ORD-807498,B,ORD-807498,proposed,mirror,2025-09-16 14:26:22,,2
341,ORD-811335,C,ORD-811335,proposed,mirror,2025-09-16 14:26:22,,2
342,ORD-463025,C,ORD-463025,proposed,mirror,2025-09-16 14:26:22,,2
343,ORD-907170,C,ORD-907170,proposed,mirror,2025-09-16 14:26:22,,2
344,TXN-002023-000506,B,TXN-2023-506,proposed,mirror,2025-09-16 14:26:22,,2
345,ORD-410283,B,ORD-410283,proposed,mirror,2025-09-16 14:26:22,,2
346,ORD-889014,B,ORD-889014,proposed,mirror,2025-09-16 14:26:22,,2
347,PROD-QPQ-000621,B,PROD-QPQ-621,proposed,mirror,2025-09-16 14:26:22,,2
348,PROD-TFZ-000081,C,PROD-TFZ-081,proposed,mirror,2025-09-16 14:26:22,,2
349,ORD-560290,B,ORD-560290,proposed,mirror,2025-09-16 14:26:22,,2
350,ORD-493344,B,ORD-493344,proposed,mirror,2025-09-16 14:26:22,,2
351,ORD-756488,B,ORD-756488,proposed,mirror,2025-09-16 14:26:22,,2
352,PROD-KEU-000521,B,PROD-KEU-521,proposed,mirror,2025-09-16 14:26:22,,2
353,TXN-002023-000726,B,TXN-2023-726,proposed,mirror,2025-09-16 14:26:22,,2
354,CUST-000536,B,CUST-00536,proposed,mirror,2025-09-16 14:26:22,,2
355,TXN-002023-000522,B,TXN-2023-522,proposed,mirror,2025-09-16 14:26:22,,2
356,PROD-OCM-000645,C,PROD-OCM-645,proposed,mirror,2025-09-16 14:26:22,,2
357,PROD-QVJ-000693,B,PROD-QVJ-693,proposed,mirror,2025-09-16 14:26:22,,2
358,TXN-002023-000598,B,TXN-2023-598!@#$%,proposed,mirror,2025-09-16 14:26:22,,2
359,TXN-002023-000594,B,TXN-2023-594,proposed,mirror,2025-09-16 14:26:22,,2
360,TXN-002023-000514,B,TXN-2023-514,proposed,mirror,2025-09-16 14:26:22,,2
361,PROD-JHL-000641,B,PROD-JHL-641,proposed,mirror,2025-09-16 14:26:22,,2
362,PROD-ZXS-000705,C,PROD-ZXS-705,proposed,mirror,2025-09-16 14:26:22,,2
363,TXN-002023-000482,C,TXN-2023-482,proposed,mirror,2025-09-16 14:26:22,,2
364,ORD-946843,B,ORD-946843,proposed,mirror,2025-09-16 14:26:22,,2
365,ORD-902925,B,ORD-902925,proposed,mirror,2025-09-16 14:26:22,,2
366,CUST-000528,C,CUST-00528,proposed,mirror,2025-09-16 14:26:22,,2
367,PROD-YII-000069,B,PROD-YII-069,proposed,mirror,2025-09-16 14:26:22,,2
368,CUST-000308,C,CUST-00308,proposed,mirror,2025-09-16 14:26:22,,2
309,PROD-LIN-000745,B,PROD-LIN-745,proposed,mirror,2025-09-16 14:26:21,,2
310,PROD-XXT-000673,B,PROD-XXT-673,proposed,mirror,2025-09-16 14:26:21,,2
311,ORD-370634,B,ORD-370634,proposed,mirror,2025-09-16 14:26:21,,2
312,ORD-776056,B,ORD-776056,proposed,mirror,2025-09-16 14:26:21,,2
313,ORD-596520,B,ORD-596520,proposed,mirror,2025-09-16 14:26:21,,2
314,PROD-IAN-000565,B,PROD-IAN-565,proposed,mirror,2025-09-16 14:26:21,,2
315,PROD-SOB-000601,B,PROD-SOB-601!@#$%,proposed,mirror,2025-09-16 14:26:21,,2
316,ORD-306559,B,ORD-306559,proposed,mirror,2025-09-16 14:26:21,,2
317,ORD-488587,B,ORD-488587,proposed,mirror,2025-09-16 14:26:21,,2
318,ORD-642440,B,ORD-642440,proposed,mirror,2025-09-16 14:26:21,,2
319,CUST-000232,B,CUST-00232,proposed,mirror,2025-09-16 14:26:21,,2
320,ORD-503175,B,ORD-503175,proposed,mirror,2025-09-16 14:26:21,,2
321,ORD-967163,B,ORD-967163,proposed,mirror,2025-09-16 14:26:21,,2
322,PROD-ZYU-000669,B,PROD-ZYU-669,proposed,mirror,2025-09-16 14:26:21,,2
323,ORD-241589,B,ORD-241589,proposed,mirror,2025-09-16 14:26:21,,2
324,ORD-170656,B,ORD-170656,proposed,mirror,2025-09-16 14:26:21,,2
325,PROD-BTN-000649,B,PROD-BTN-649,proposed,mirror,2025-09-16 14:26:21,,2
326,PROD-FIG-000053,B,PROD-FIG-053,proposed,mirror,2025-09-16 14:26:21,,2
327,PROD-BXR-000593,B,PROD-BXR-593,proposed,mirror,2025-09-16 14:26:21,,2
328,PROD-WRQ-000713,C,PROD-WRQ-713,proposed,mirror,2025-09-16 14:26:21,,2
329,PROD-DCN-000165,B,PROD-DCN-165,proposed,mirror,2025-09-16 14:26:21,,2
330,ORD-710765,C,ORD-710765,proposed,mirror,2025-09-16 14:26:21,,2
331,ORD-471397,E,ORD-471397!@#$%,proposed,mirror,2025-09-16 14:26:21,,2
332,PROD-PQC-000617,E,PROD-PQC-617,proposed,mirror,2025-09-16 14:26:21,,2
333,ORD-769816,B,ORD-769816,proposed,mirror,2025-09-16 14:26:21,,2
334,ORD-316500,B,ORD-316500,proposed,mirror,2025-09-16 14:26:21,,2
335,PROD-YMK-000733,B,PROD-YMK-733,proposed,mirror,2025-09-16 14:26:21,,2
336,PROD-AWN-000685,B,PROD-AWN-685,proposed,mirror,2025-09-16 14:26:21,,2
337,PROD-XYF-000613,B,PROD-XYF-613,proposed,mirror,2025-09-16 14:26:21,,2
338,ORD-858653,E,ORD-858653,proposed,mirror,2025-09-16 14:26:21,,2
282,PROD-YDF-000349-,D, PROD-YDF-349 !@#$%,proposed,mirror,2025-09-16 14:26:20,,2
283,TXN-002023-000574,B,TXN-2023-574,proposed,mirror,2025-09-16 14:26:20,,2
284,ORD-393084,B,ORD-393084,proposed,mirror,2025-09-16 14:26:20,,2
285,TXN-002023-000542,B, TXN-2023-542 ,proposed,mirror,2025-09-16 14:26:20,,2
286,PROD-KJJ-000569,B,PROD-KJJ-569,proposed,mirror,2025-09-16 14:26:20,,2
287,ORD-567258,C,ORD-567258,proposed,mirror,2025-09-16 14:26:20,,2
288,ORD-341351,B,ORD-341351,proposed,mirror,2025-09-16 14:26:20,,2
289,CUST-000412,B,CUST-00412,proposed,mirror,2025-09-16 14:26:20,,2
290,CUST-000556,C,CUST-00556,proposed,mirror,2025-09-16 14:26:20,,2
291,CUST-000564,B,CUST-00564,proposed,mirror,2025-09-16 14:26:20,,2
292,PROD-UDQ-000701,B,PROD-UDQ-701,proposed,mirror,2025-09-16 14:26:20,,2
293,PROD-LEK-000741,B,PROD-LEK-741,proposed,mirror,2025-09-16 14:26:20,,2
294,PROD-IKV-000717,E,PROD-IKV-717,proposed,mirror,2025-09-16 14:26:20,,2
295,TXN-002023-000550,B,TXN-2023-550,proposed,mirror,2025-09-16 14:26:20,,2
296,PROD-XPR-000629,B,PROD-XPR-629,proposed,mirror,2025-09-16 14:26:20,,2
297,ORD-573505,B,ORD-573505,proposed,mirror,2025-09-16 14:26:20,,2
298,PROD-YOU-000653,B,PROD-YOU-653,proposed,mirror,2025-09-16 14:26:20,,2
299,CUST-000504,B,CUST-00504,proposed,mirror,2025-09-16 14:26:20,,2
300,PROD-CMS-000401,C,PROD-CMS-401,proposed,mirror,2025-09-16 14:26:20,,2
301,ORD-437561,C,ORD-437561,proposed,mirror,2025-09-16 14:26:20,,2
302,CUST-000596,B,CUST-00596,proposed,mirror,2025-09-16 14:26:20,,2
303,PROD-ZNE-000637,B,PROD-ZNE-637,proposed,mirror,2025-09-16 14:26:20,,2
304,PROD-RVI-000505,B,PROD-RVI-505,proposed,mirror,2025-09-16 14:26:20,,2
305,ORD-998166,B,ORD-998166,proposed,mirror,2025-09-16 14:26:20,,2
306,ORD-940113,C,ORD-940113,proposed,mirror,2025-09-16 14:26:20,,2
307,PROD-ZLD-000545,B,PROD-ZLD-545,proposed,mirror,2025-09-16 14:26:20,,2
308,PROD-GKQ-000557,B,PROD-GKQ-557,proposed,mirror,2025-09-16 14:26:20,,2
264,PROD-JIQ-000749,B,PROD-JIQ-749,proposed,mirror,2025-09-16 14:26:19,,2
265,PROD-UDZ-000277,C,PROD-UDZ-277,proposed,mirror,2025-09-16 14:26:19,,2
266,ORD-181575-,E, ORD-181575 !@#$%,proposed,mirror,2025-09-16 14:26:19,,2
267,PROD-KMF-000513,B,PROD-KMF-513,proposed,mirror,2025-09-16 14:26:19,,2
268,CUST-000552,B, CUST-00552 ,proposed,mirror,2025-09-16 14:26:19,,2
269,PROD-WGT-000293,B,PROD-WGT-293,proposed,mirror,2025-09-16 14:26:19,,2
270,ORD-849249,B,ORD-849249,proposed,mirror,2025-09-16 14:26:19,,2
271,PROD-RRT-000681,C,PROD-RRT-681,proposed,mirror,2025-09-16 14:26:19,,2
272,ORD-940938,B,ORD-940938,proposed,mirror,2025-09-16 14:26:19,,2
273,PROD-TDO-000737,B,PROD-TDO-737,proposed,mirror,2025-09-16 14:26:19,,2
274,PROD-SZG-000149,B,PROD-SZG-149,proposed,mirror,2025-09-16 14:26:19,,2
275,ORD-871023,B,ORD-871023,proposed,mirror,2025-09-16 14:26:19,,2
276,CUST-000340,B,CUST-00340,proposed,mirror,2025-09-16 14:26:19,,2
277,CUST-000560,B,CUST-00560,proposed,mirror,2025-09-16 14:26:19,,2
278,TXN-002023-000150,B,TXN-2023-150,proposed,mirror,2025-09-16 14:26:19,,2
279,ORD-326437,B,ORD-326437,proposed,mirror,2025-09-16 14:26:19,,2
280,ORD-243809,B,ORD-243809,proposed,mirror,2025-09-16 14:26:19,,2
281,ORD-897597,B,ORD-897597,proposed,mirror,2025-09-16 14:26:19,,2
239,PROD-BIZ-000649,B,PROD-BIZ-649,proposed,mirror,2025-09-16 14:26:03,,1
240,TXN-002023-000658,B,TXN-2023-658,proposed,mirror,2025-09-16 14:26:03,,1
241,ORD-758535,B,ORD-758535,proposed,mirror,2025-09-16 14:26:03,,1
242,CUST-000608,B,CUST-00608,proposed,mirror,2025-09-16 14:26:03,,1
243,TXN-002023-000602,B,TXN-2023-602,proposed,mirror,2025-09-16 14:26:03,,1
244,PROD-IGT-000621,D,PROD-IGT-621,proposed,mirror,2025-09-16 14:26:03,,1
245,ORD-184555,B,ORD-184555,proposed,mirror,2025-09-16 14:26:03,,1
246,ORD-795408,C,ORD-795408,proposed,mirror,2025-09-16 14:26:03,,1
247,TXN-002023-000798,C,TXN-2023-798,proposed,mirror,2025-09-16 14:26:03,,1
248,ORD-183883,B,ORD-183883,proposed,mirror,2025-09-16 14:26:03,,1
249,PROD-BWO-000677,B,PROD-BWO-677,proposed,mirror,2025-09-16 14:26:03,,1
250,ORD-206741,B,ORD-206741,proposed,mirror,2025-09-16 14:26:03,,1
251,CUST-000768,B,CUST-00768!@#$%,proposed,mirror,2025-09-16 14:26:03,,1
252,ORD-956794,B,ORD-956794,proposed,mirror,2025-09-16 14:26:03,,1
253,TXN-002023-000370,B, TXN-2023-370 ,proposed,mirror,2025-09-16 14:26:03,,1
254,CUST-000468,B,CUST-00468,proposed,mirror,2025-09-16 14:26:03,,1
255,TXN-002023-000330,B,TXN-2023-330,proposed,mirror,2025-09-16 14:26:03,,1
256,PROD-TYD-000437,B,PROD-TYD-437,proposed,mirror,2025-09-16 14:26:03,,1
257,PROD-RQB-000705,B,PROD-RQB-705,proposed,mirror,2025-09-16 14:26:03,,1
258,CUST-000696,B,CUST-00696,proposed,mirror,2025-09-16 14:26:03,,1
259,CUST-000784,D,CUST-00784,proposed,mirror,2025-09-16 14:26:03,,1
260,PROD-PRR-000721,C,PROD-PRR-721,proposed,mirror,2025-09-16 14:26:03,,1
261,PROD-ZIH-000561,B,PROD-ZIH-561,proposed,mirror,2025-09-16 14:26:03,,1
262,TXN-002023-000182,B,TXN-2023-182,proposed,mirror,2025-09-16 14:26:03,,1
263,TXN-002023-000614,B,TXN-2023-614,proposed,mirror,2025-09-16 14:26:03,,1
195,TXN-002023-000778,B,TXN-2023-778,proposed,mirror,2025-09-16 14:26:02,,1
196,TXN-002023-000034,C,TXN-2023-034,proposed,mirror,2025-09-16 14:26:02,,1
197,CUST-000616,B,CUST-00616!@#$%,proposed,mirror,2025-09-16 14:26:02,,1
198,CUST-000724,B,CUST-00724,proposed,mirror,2025-09-16 14:26:02,,1
199,ORD-875517,B, ORD-875517 ,proposed,mirror,2025-09-16 14:26:02,,1
200,PROD-PZV-000765,C,PROD-PZV-765,proposed,mirror,2025-09-16 14:26:02,,1
201,TXN-002023-000746,D,TXN-2023-746,proposed,mirror,2025-09-16 14:26:02,,1
202,ORD-117632,C,ORD-117632,proposed,mirror,2025-09-16 14:26:02,,1
203,CUST-000636,B,CUST-00636,proposed,mirror,2025-09-16 14:26:02,,1
204,TXN-002023-000766,B, TXN-2023-766 ,proposed,mirror,2025-09-16 14:26:02,,1
205,ORD-279814,B,ORD-279814,proposed,mirror,2025-09-16 14:26:02,,1
206,PROD-RTG-000781,B,PROD-RTG-781,proposed,mirror,2025-09-16 14:26:02,,1
207,TXN-002023-000654,B,TXN-2023-654,proposed,mirror,2025-09-16 14:26:02,,1
208,TXN-002023-000730,D,TXN-2023-730,proposed,mirror,2025-09-16 14:26:02,,1
209,TXN-002023-000782,B,TXN-2023-782,proposed,mirror,2025-09-16 14:26:02,,1
210,CUST-000684,C,CUST-00684,proposed,mirror,2025-09-16 14:26:02,,1
211,ORD-669325,B,ORD-669325,proposed,mirror,2025-09-16 14:26:02,,1
212,PROD-STL-000709,B,PROD-STL-709,proposed,mirror,2025-09-16 14:26:02,,1
213,TXN-002023-000694,B, TXN-2023-694 ,proposed,mirror,2025-09-16 14:26:02,,1
214,CUST-000688,C, CUST-00688 ,proposed,mirror,2025-09-16 14:26:02,,1
215,ORD-278470,B,ORD-278470,proposed,mirror,2025-09-16 14:26:02,,1
216,ORD-405954,C,ORD-405954,proposed,mirror,2025-09-16 14:26:02,,1
217,TXN-002023-000770,B,TXN-2023-770,proposed,mirror,2025-09-16 14:26:02,,1
218,TXN-002023-000738,B,TXN-2023-738,proposed,mirror,2025-09-16 14:26:02,,1
219,ORD-724602,B,ORD-724602,proposed,mirror,2025-09-16 14:26:02,,1
220,ORD-464229,E,ORD-464229,proposed,mirror,2025-09-16 14:26:02,,1
221,PROD-VDC-000761,B,PROD-VDC-761,proposed,mirror,2025-09-16 14:26:02,,1
222,TXN-002023-000758,B,TXN-2023-758,proposed,mirror,2025-09-16 14:26:02,,1
223,TXN-002023-000058,B, TXN-2023-058 ,proposed,mirror,2025-09-16 14:26:02,,1
224,ORD-287129,B,ORD-287129,proposed,mirror,2025-09-16 14:26:02,,1
225,ORD-587589,B,ORD-587589,proposed,mirror,2025-09-16 14:26:02,,1
226,ORD-656381,B,ORD-656381,proposed,mirror,2025-09-16 14:26:02,,1
227,CUST-000728,C,CUST-00728,proposed,mirror,2025-09-16 14:26:02,,1
228,TXN-002023-000354,B,TXN-2023-354,proposed,mirror,2025-09-16 14:26:02,,1
229,PROD-AIL-000609,D,PROD-AIL-609,proposed,mirror,2025-09-16 14:26:02,,1
230,CUST-000640,B,CUST-00640,proposed,mirror,2025-09-16 14:26:02,,1
231,ORD-208478,B,ORD-208478,proposed,mirror,2025-09-16 14:26:02,,1
232,TXN-002023-000562,B,TXN-2023-562,proposed,mirror,2025-09-16 14:26:02,,1
233,PROD-AKU-000785,C,PROD-AKU-785,proposed,mirror,2025-09-16 14:26:02,,1
234,CUST-000796,B,CUST-00796,proposed,mirror,2025-09-16 14:26:02,,1
235,TXN-002023-000794,B,TXN-2023-794,proposed,mirror,2025-09-16 14:26:02,,1
236,TXN-002023-000710,B,TXN-2023-710,proposed,mirror,2025-09-16 14:26:02,,1
237,PROD-PXM-000737,B,PROD-PXM-737,proposed,mirror,2025-09-16 14:26:02,,1
238,PROD-QCH-000269,B,PROD-QCH-269,proposed,mirror,2025-09-16 14:26:02,,1
154,PROD-HQY-000521,B,PROD-HQY-521,proposed,mirror,2025-09-16 14:26:01,,1
155,PROD-HRL-000753,B,PROD-HRL-753,proposed,mirror,2025-09-16 14:26:01,,1
156,TXN-002023-000610,E,TXN-2023-610,proposed,mirror,2025-09-16 14:26:01,,1
157,TXN-002023-000646,C,TXN-2023-646,proposed,mirror,2025-09-16 14:26:01,,1
158,ORD-818556,B,ORD-818556,proposed,mirror,2025-09-16 14:26:01,,1
159,ORD-609530,B,ORD-609530,proposed,mirror,2025-09-16 14:26:01,,1
160,TXN-002023-000702,B,TXN-2023-702,proposed,mirror,2025-09-16 14:26:01,,1
161,CUST-000544,B,CUST-00544,proposed,mirror,2025-09-16 14:26:01,,1
162,ORD-644430,B,ORD-644430,proposed,mirror,2025-09-16 14:26:01,,1
163,PROD-XTJ-000245,B,PROD-XTJ-245,proposed,mirror,2025-09-16 14:26:01,,1
164,CUST-000664,B,CUST-00664,proposed,mirror,2025-09-16 14:26:01,,1
165,PROD-UMS-000717,B,PROD-UMS-717,proposed,mirror,2025-09-16 14:26:01,,1
166,CUST-000744,B,CUST-00744,proposed,mirror,2025-09-16 14:26:01,,1
167,PROD-BZS-000625,B,PROD-BZS-625,proposed,mirror,2025-09-16 14:26:01,,1
168,PROD-USW-000605,B,PROD-USW-605,proposed,mirror,2025-09-16 14:26:01,,1
169,PROD-OZF-000729,B,PROD-OZF-729,proposed,mirror,2025-09-16 14:26:01,,1
170,ORD-674605,B,ORD-674605,proposed,mirror,2025-09-16 14:26:01,,1
171,CUST-000180,B,CUST-00180,proposed,mirror,2025-09-16 14:26:01,,1
172,PROD-VPL-000777,B,PROD-VPL-777,proposed,mirror,2025-09-16 14:26:01,,1
173,ORD-395723,C,ORD-395723,proposed,mirror,2025-09-16 14:26:01,,1
174,CUST-000704,B,CUST-00704,proposed,mirror,2025-09-16 14:26:01,,1
175,TXN-002023-000470,B,TXN-2023-470,proposed,mirror,2025-09-16 14:26:01,,1
176,CUST-000748,B, CUST-00748 ,proposed,mirror,2025-09-16 14:26:01,,1
177,CUST-000732,C,CUST-00732,proposed,mirror,2025-09-16 14:26:01,,1
178,CUST-000644,B,CUST-00644,proposed,mirror,2025-09-16 14:26:01,,1
179,CUST-000760,B,CUST-00760,proposed,mirror,2025-09-16 14:26:01,,1
180,TXN-002023-000634,B, TXN-2023-634 ,proposed,mirror,2025-09-16 14:26:01,,1
181,PROD-RKL-000485,B,PROD-RKL-485,proposed,mirror,2025-09-16 14:26:01,,1
182,TXN-002023-000750,C,TXN-2023-750,proposed,mirror,2025-09-16 14:26:01,,1
183,CUST-000624,B,CUST-00624,proposed,mirror,2025-09-16 14:26:01,,1
184,ORD-976097,B,ORD-976097,proposed,mirror,2025-09-16 14:26:01,,1
185,CUST-000776,C,CUST-00776!@#$%,proposed,mirror,2025-09-16 14:26:01,,1
186,CUST-000780,C,CUST-00780,proposed,mirror,2025-09-16 14:26:01,,1
187,PROD-XJA-000681,B,PROD-XJA-681,proposed,mirror,2025-09-16 14:26:01,,1
188,TXN-002023-000734,B,TXN-2023-734,proposed,mirror,2025-09-16 14:26:01,,1
189,ORD-290432,B,ORD-290432,proposed,mirror,2025-09-16 14:26:01,,1
190,ORD-827259,B,ORD-827259,proposed,mirror,2025-09-16 14:26:01,,1
191,PROD-RCJ-000317,B,PROD-RCJ-317,proposed,mirror,2025-09-16 14:26:01,,1
192,CUST-000792,B,CUST-00792,proposed,mirror,2025-09-16 14:26:01,,1
193,TXN-002023-000678,B,TXN-2023-678,proposed,mirror,2025-09-16 14:26:01,,1
194,PROD-PTW-000669,C,PROD-PTW-669,proposed,mirror,2025-09-16 14:26:01,,1
117,TXN-002023-000790,B,TXN-2023-790,proposed,mirror,2025-09-16 14:26:00,,1
118,TXN-002023-000642,B,TXN-2023-642,proposed,mirror,2025-09-16 14:26:00,,1
119,CUST-000692,C,CUST-00692,proposed,mirror,2025-09-16 14:26:00,,1
120,CUST-000740,D,CUST-00740,proposed,mirror,2025-09-16 14:26:00,,1
121,TXN-002023-000698,B,TXN-2023-698,proposed,mirror,2025-09-16 14:26:00,,1
122,TXN-002023-000690,E, TXN-2023-690 ,proposed,mirror,2025-09-16 14:26:00,,1
123,ORD-154886,C,ORD-154886,proposed,mirror,2025-09-16 14:26:00,,1
124,ORD-633849,B,ORD-633849,proposed,mirror,2025-09-16 14:26:00,,1
125,ORD-445299,B,ORD-445299,proposed,mirror,2025-09-16 14:26:00,,1
126,ORD-685368,B,ORD-685368,proposed,mirror,2025-09-16 14:26:00,,1
127,CUST-000284,B,CUST-00284,proposed,mirror,2025-09-16 14:26:00,,1
128,CUST-000712,B,CUST-00712,proposed,mirror,2025-09-16 14:26:00,,1
129,CUST-000668,B,CUST-00668,proposed,mirror,2025-09-16 14:26:00,,1
130,PROD-JNQ-000757,B,PROD-JNQ-757,proposed,mirror,2025-09-16 14:26:00,,1
131,TXN-002023-000418,B,TXN-2023-418,proposed,mirror,2025-09-16 14:26:00,,1
132,PROD-FIH-000673,C,PROD-FIH-673,proposed,mirror,2025-09-16 14:26:00,,1
133,ORD-220502,B,ORD-220502,proposed,mirror,2025-09-16 14:26:00,,1
134,CUST-000764,C,CUST-00764,proposed,mirror,2025-09-16 14:26:00,,1
135,PROD-LQI-000273,B,PROD-LQI-273,proposed,mirror,2025-09-16 14:26:00,,1
136,ORD-938678,C,ORD-938678,proposed,mirror,2025-09-16 14:26:00,,1
137,CUST-000612,B,CUST-00612,proposed,mirror,2025-09-16 14:26:00,,1
138,ORD-196936,D,ORD-196936,proposed,mirror,2025-09-16 14:26:00,,1
139,TXN-002023-000754,B,TXN-2023-754,proposed,mirror,2025-09-16 14:26:00,,1
140,PROD-QYS-000053,B,PROD-QYS-053,proposed,mirror,2025-09-16 14:26:00,,1
141,PROD-WQZ-000769,B,PROD-WQZ-769,proposed,mirror,2025-09-16 14:26:00,,1
142,PROD-RSN-000685,C,PROD-RSN-685,proposed,mirror,2025-09-16 14:26:00,,1
143,CUST-000708,B,CUST-00708,proposed,mirror,2025-09-16 14:26:00,,1
144,PROD-WAW-000733,B,PROD-WAW-733,proposed,mirror,2025-09-16 14:26:00,,1
145,TXN-002023-000666,C,TXN-2023-666,proposed,mirror,2025-09-16 14:26:00,,1
146,ORD-627171,C,ORD-627171,proposed,mirror,2025-09-16 14:26:00,,1
147,ORD-430482,B,ORD-430482,proposed,mirror,2025-09-16 14:26:00,,1
148,ORD-507416,B,ORD-507416,proposed,mirror,2025-09-16 14:26:00,,1
149,TXN-002023-000618,B,TXN-2023-618,proposed,mirror,2025-09-16 14:26:00,,1
150,CUST-000716,B,CUST-00716,proposed,mirror,2025-09-16 14:26:00,,1
151,PROD-ZPI-000661,B,PROD-ZPI-661,proposed,mirror,2025-09-16 14:26:00,,1
152,CUST-000480,D,CUST-00480,proposed,mirror,2025-09-16 14:26:00,,1
153,ORD-697816,B,ORD-697816,proposed,mirror,2025-09-16 14:26:00,,1
78,ORD-968355,B,ORD-968355,proposed,mirror,2025-09-16 14:25:59,,1
79,ORD-545259,B,ORD-545259,proposed,mirror,2025-09-16 14:25:59,,1
80,CUST-000620,B,CUST-00620,proposed,mirror,2025-09-16 14:25:59,,1
81,PROD-PXH-000653,B,PROD-PXH-653,proposed,mirror,2025-09-16 14:25:59,,1
82,ORD-265355,D,ORD-265355,proposed,mirror,2025-09-16 14:25:59,,1
83,CUST-000720,C,CUST-00720,proposed,mirror,2025-09-16 14:25:59,,1
84,ORD-717845,B,ORD-717845,proposed,mirror,2025-09-16 14:25:59,,1
85,PROD-AQC-000773,D,PROD-AQC-773,proposed,mirror,2025-09-16 14:25:59,,1
86,ORD-775918,B,ORD-775918,proposed,mirror,2025-09-16 14:25:59,,1
87,ORD-862558,B,ORD-862558,proposed,mirror,2025-09-16 14:25:59,,1
88,PROD-PNI-000057,C, PROD-PNI-057 ,proposed,mirror,2025-09-16 14:25:59,,1
89,ORD-969073,B,ORD-969073,proposed,mirror,2025-09-16 14:25:59,,1
90,CUST-000312,B,CUST-00312,proposed,mirror,2025-09-16 14:25:59,,1
91,PROD-CZG-000137,B,PROD-CZG-137,proposed,mirror,2025-09-16 14:25:59,,1
92,TXN-002023-000606,D,TXN-2023-606,proposed,mirror,2025-09-16 14:25:59,,1
93,TXN-002023-000290,C,TXN-2023-290,proposed,mirror,2025-09-16 14:25:59,,1
94,TXN-002023-000686,D,TXN-2023-686,proposed,mirror,2025-09-16 14:25:59,,1
95,ORD-375241,B,ORD-375241,proposed,mirror,2025-09-16 14:25:59,,1
96,TXN-002023-000274,B,TXN-2023-274,proposed,mirror,2025-09-16 14:25:59,,1
97,PROD-UHM-000357,B,PROD-UHM-357,proposed,mirror,2025-09-16 14:25:59,,1
98,CUST-000700,B,CUST-00700,proposed,mirror,2025-09-16 14:25:59,,1
99,ORD-231841,B,ORD-231841,proposed,mirror,2025-09-16 14:25:59,,1
100,TXN-002023-000430,B,TXN-2023-430,proposed,mirror,2025-09-16 14:25:59,,1
101,ORD-615426,B,ORD-615426,proposed,mirror,2025-09-16 14:25:59,,1
102,ORD-195172,B,ORD-195172,proposed,mirror,2025-09-16 14:25:59,,1
103,CUST-000632,B,CUST-00632,proposed,mirror,2025-09-16 14:25:59,,1
104,CUST-000600,D,CUST-00600,proposed,mirror,2025-09-16 14:25:59,,1
105,CUST-000656,B,CUST-00656,proposed,mirror,2025-09-16 14:25:59,,1
106,PROD-TNE-000693,B,PROD-TNE-693,proposed,mirror,2025-09-16 14:25:59,,1
107,CUST-000676,B,CUST-00676,proposed,mirror,2025-09-16 14:25:59,,1
108,ORD-169285,B,ORD-169285,proposed,mirror,2025-09-16 14:25:59,,1
109,PROD-TWC-000657,B,PROD-TWC-657,proposed,mirror,2025-09-16 14:25:59,,1
110,CUST-000672,D,CUST-00672,proposed,mirror,2025-09-16 14:25:59,,1
111,TXN-002023-000630,C,TXN-2023-630,proposed,mirror,2025-09-16 14:25:59,,1
112,CUST-000584,B,CUST-00584,proposed,mirror,2025-09-16 14:25:59,,1
113,PROD-SGX-000537,B,PROD-SGX-537,proposed,mirror,2025-09-16 14:25:59,,1
114,TXN-002023-000774,B,TXN-2023-774,proposed,mirror,2025-09-16 14:25:59,,1
115,PROD-VEX-000641,D, PROD-VEX-641 ,proposed,mirror,2025-09-16 14:25:59,,1
116,ORD-357153,B,ORD-357153,proposed,mirror,2025-09-16 14:25:59,,1
39,PROD-LIA-000505,B,PROD-LIA-505,proposed,mirror,2025-09-16 14:25:58,,1
40,TXN-002023-000670,C,TXN-2023-670,proposed,mirror,2025-09-16 14:25:58,,1
41,ORD-294825,B,ORD-294825,proposed,mirror,2025-09-16 14:25:58,,1
42,ORD-820651,B,ORD-820651,proposed,mirror,2025-09-16 14:25:58,,1
43,PROD-ZGI-000797,B,PROD-ZGI-797,proposed,mirror,2025-09-16 14:25:58,,1
44,TXN-002023-000650,B,TXN-2023-650,proposed,mirror,2025-09-16 14:25:58,,1
45,ORD-998488,B,ORD-998488,proposed,mirror,2025-09-16 14:25:58,,1
46,CUST-000500,B,CUST-00500,proposed,mirror,2025-09-16 14:25:58,,1
47,TXN-002023-000718,C,TXN-2023-718,proposed,mirror,2025-09-16 14:25:58,,1
48,TXN-002023-000638,B,TXN-2023-638,proposed,mirror,2025-09-16 14:25:58,,1
49,PROD-TSK-000613,B,PROD-TSK-613,proposed,mirror,2025-09-16 14:25:58,,1
50,CUST-000756,B,CUST-00756,proposed,mirror,2025-09-16 14:25:58,,1
51,ORD-601142,B,ORD-601142,proposed,mirror,2025-09-16 14:25:58,,1
52,PROD-DWE-000037,C,PROD-DWE-037,proposed,mirror,2025-09-16 14:25:58,,1
53,ORD-525757,B,ORD-525757,proposed,mirror,2025-09-16 14:25:58,,1
54,CUST-000772,B,CUST-00772,proposed,mirror,2025-09-16 14:25:58,,1
55,CUST-000736,B,CUST-00736,proposed,mirror,2025-09-16 14:25:58,,1
56,ORD-642269,B,ORD-642269,proposed,mirror,2025-09-16 14:25:58,,1
57,TXN-002023-000742,B,TXN-2023-742,proposed,mirror,2025-09-16 14:25:58,,1
58,PROD-PVS-000629,B,PROD-PVS-629,proposed,mirror,2025-09-16 14:25:58,,1
59,PROD-SCI-000281,B,PROD-SCI-281,proposed,mirror,2025-09-16 14:25:58,,1
60,ORD-187806,B,ORD-187806,proposed,mirror,2025-09-16 14:25:58,,1
61,ORD-430975,B,ORD-430975,proposed,mirror,2025-09-16 14:25:58,,1
62,CUST-000628,B,CUST-00628,proposed,mirror,2025-09-16 14:25:58,,1
63,PROD-POY-000185,B,PROD-POY-185,proposed,mirror,2025-09-16 14:25:58,,1
64,ORD-333435,C,ORD-333435,proposed,mirror,2025-09-16 14:25:58,,1
65,ORD-532769,B,ORD-532769,proposed,mirror,2025-09-16 14:25:58,,1
66,TXN-002023-000706,B,TXN-2023-706,proposed,mirror,2025-09-16 14:25:58,,1
67,PROD-BKO-000633,D,PROD-BKO-633,proposed,mirror,2025-09-16 14:25:58,,1
68,TXN-002023-000786,B,TXN-2023-786,proposed,mirror,2025-09-16 14:25:58,,1
69,PROD-BMT-000113,B,PROD-BMT-113,proposed,mirror,2025-09-16 14:25:58,,1
70,CUST-000648,B,CUST-00648,proposed,mirror,2025-09-16 14:25:58,,1
71,CUST-000384,B,CUST-00384,proposed,mirror,2025-09-16 14:25:58,,1
72,CUST-000660,C,CUST-00660,proposed,mirror,2025-09-16 14:25:58,,1
73,TXN-002023-000662,B,TXN-2023-662,proposed,mirror,2025-09-16 14:25:58,,1
74,TXN-002023-000622,B,TXN-2023-622,proposed,mirror,2025-09-16 14:25:58,,1
75,TXN-002023-000682,B,TXN-2023-682,proposed,mirror,2025-09-16 14:25:58,,1
76,PROD-FFD-000645,B,PROD-FFD-645,proposed,mirror,2025-09-16 14:25:58,,1
77,CUST-000604,B,CUST-00604,proposed,mirror,2025-09-16 14:25:58,,1
4,ORD-378401,B,ORD-378401,proposed,mirror,2025-09-16 14:25:57,,1
5,ORD-288601,B,ORD-288601,proposed,mirror,2025-09-16 14:25:57,,1
6,PROD-XWT-000689,C,PROD-XWT-689,proposed,mirror,2025-09-16 14:25:57,,1
7,PROD-WCA-000745,C,PROD-WCA-745,proposed,mirror,2025-09-16 14:25:57,,1
8,TXN-002023-000762,B,TXN-2023-762,proposed,mirror,2025-09-16 14:25:57,,1
9,PROD-GKX-000725,C,PROD-GKX-725,proposed,mirror,2025-09-16 14:25:57,,1
10,CUST-000272,B,CUST-00272,proposed,mirror,2025-09-16 14:25:57,,1
11,ORD-509445,B,ORD-509445,proposed,mirror,2025-09-16 14:25:57,,1
12,PROD-HHR-000789,B,PROD-HHR-789,proposed,mirror,2025-09-16 14:25:57,,1
13,TXN-002023-000018,B,TXN-2023-018,proposed,mirror,2025-09-16 14:25:57,,1
14,CUST-000788,D,CUST-00788,proposed,mirror,2025-09-16 14:25:57,,1
15,PROD-NYC-000601,B, PROD-NYC-601 ,proposed,mirror,2025-09-16 14:25:57,,1
16,TXN-002023-000714,B,TXN-2023-714,proposed,mirror,2025-09-16 14:25:57,,1
17,TXN-002023-000674,B,TXN-2023-674,proposed,mirror,2025-09-16 14:25:57,,1
18,PROD-RQF-000013,B,PROD-RQF-013,proposed,mirror,2025-09-16 14:25:57,,1
19,TXN-002023-000626,B,TXN-2023-626,proposed,mirror,2025-09-16 14:25:57,,1
20,TXN-002023-000722,B, TXN-2023-722 ,proposed,mirror,2025-09-16 14:25:57,,1
21,PROD-LRC-000697,D,PROD-LRC-697,proposed,mirror,2025-09-16 14:25:57,,1
22,ORD-774687,B,ORD-774687,proposed,mirror,2025-09-16 14:25:57,,1
23,TXN-002023-000358,B,TXN-2023-358,proposed,mirror,2025-09-16 14:25:57,,1
24,CUST-000752,C,CUST-00752,proposed,mirror,2025-09-16 14:25:57,,1
25,PROD-EXA-000749,D,PROD-EXA-749,proposed,mirror,2025-09-16 14:25:57,,1
26,CUST-000652,C,CUST-00652,proposed,mirror,2025-09-16 14:25:57,,1
27,ORD-722012,C,ORD-722012,proposed,mirror,2025-09-16 14:25:57,,1
28,PROD-VBT-000741,B,PROD-VBT-741,proposed,mirror,2025-09-16 14:25:57,,1
29,ORD-633600,B,ORD-633600,proposed,mirror,2025-09-16 14:25:57,,1
30,CUST-000680,B,CUST-00680,proposed,mirror,2025-09-16 14:25:57,,1
31,TXN-002023-000098,C,TXN-2023-098,proposed,mirror,2025-09-16 14:25:57,,1
32,PROD-MQD-000793,B,PROD-MQD-793,proposed,mirror,2025-09-16 14:25:57,,1
33,PROD-JXH-000701,B,PROD-JXH-701,proposed,mirror,2025-09-16 14:25:57,,1
34,PROD-HRV-000637,B,PROD-HRV-637,proposed,mirror,2025-09-16 14:25:57,,1
35,PROD-QYO-000617,B,PROD-QYO-617,proposed,mirror,2025-09-16 14:25:57,,1
36,PROD-XKW-000665,C,PROD-XKW-665,proposed,mirror,2025-09-16 14:25:57,,1
37,CUST-000152,B,CUST-00152,proposed,mirror,2025-09-16 14:25:57,,1
38,ORD-962619,B,ORD-962619,proposed,mirror,2025-09-16 14:25:57,,1
1,TXN-002023-000154,B,TXN-2023-154,proposed,mirror,2025-09-16 14:25:56,,1
2,ORD-149993,C,ORD-149993,proposed,mirror,2025-09-16 14:25:56,,1
3,PROD-LQM-000713,B,PROD-LQM-713,proposed,mirror,2025-09-16 14:25:56,,1
